Hour;Jan;Feb;Mar;Apr;May;Jun;Jul;Aug;Sep;Oct;Nov;Dec;;;;;;;
0;50.05333333;50.05333333;54.22444444;54.22444444;54.22444444;66.73777778;66.73777778;66.73777778;56.31;56.31;56.31;50.05333333;;;;;;;
1;47.96777778;47.96777778;52.13888889;52.13888889;52.13888889;64.65222222;64.65222222;64.65222222;54.22444444;54.22444444;54.22444444;47.96777778;;;;;;;
2;46.925;46.925;51.09611111;51.09611111;51.09611111;62.56666667;62.56666667;62.56666667;52.13888889;52.13888889;52.13888889;46.925;;;;;;;
3;45.88222222;45.88222222;50.05333333;50.05333333;50.05333333;61.52388889;61.52388889;61.52388889;51.09611111;51.09611111;51.09611111;45.88222222;;;;;;;
4;46.925;46.925;51.09611111;51.09611111;51.09611111;62.56666667;62.56666667;62.56666667;52.13888889;52.13888889;52.13888889;46.925;;;;;;;
5;52.13888889;52.13888889;56.31;56.31;56.31;67.78055556;67.78055556;67.78055556;57.35277778;57.35277778;57.35277778;52.13888889;;;;;;;
6;60.48111111;60.48111111;64.65222222;64.65222222;64.65222222;77.16555556;77.16555556;77.16555556;64.65222222;64.65222222;64.65222222;60.48111111;;;;;;;
7;75.08;75.08;78.20833333;78.20833333;78.20833333;94.89277778;94.89277778;94.89277778;80.29388889;80.29388889;80.29388889;75.08;;;;;;;
8;88.63611111;88.63611111;91.76444444;91.76444444;91.76444444;115.7483333;115.7483333;115.7483333;98.02111111;98.02111111;98.02111111;88.63611111;;;;;;;
9;95.93555556;95.93555556;99.06388889;99.06388889;99.06388889;126.1761111;126.1761111;126.1761111;105.3205556;105.3205556;105.3205556;95.93555556;;;;;;;
10;99.06388889;99.06388889;102.1922222;102.1922222;102.1922222;130.3472222;130.3472222;130.3472222;108.4488889;108.4488889;108.4488889;99.06388889;;;;;;;
11;102.1922222;102.1922222;105.3205556;105.3205556;105.3205556;133.4755556;133.4755556;133.4755556;111.5772222;111.5772222;111.5772222;102.1922222;;;;;;;
12;99.06388889;99.06388889;102.1922222;102.1922222;102.1922222;136.6038889;136.6038889;136.6038889;108.4488889;108.4488889;108.4488889;99.06388889;;;;;;;
13;91.76444444;91.76444444;94.89277778;94.89277778;94.89277778;128.2616667;128.2616667;128.2616667;101.1494444;101.1494444;101.1494444;91.76444444;;;;;;;
14;83.42222222;83.42222222;86.55055556;86.55055556;86.55055556;115.7483333;115.7483333;115.7483333;92.80722222;92.80722222;92.80722222;83.42222222;;;;;;;
15;78.20833333;78.20833333;81.33666667;81.33666667;81.33666667;107.4061111;107.4061111;107.4061111;87.59333333;87.59333333;87.59333333;78.20833333;;;;;;;
16;72.99444444;72.99444444;76.12277778;76.12277778;76.12277778;101.1494444;101.1494444;101.1494444;82.37944444;82.37944444;82.37944444;72.99444444;;;;;;;
17;70.90888889;70.90888889;74.03722222;74.03722222;74.03722222;96.97833333;96.97833333;96.97833333;80.29388889;80.29388889;80.29388889;70.90888889;;;;;;;
18;67.78055556;67.78055556;70.90888889;70.90888889;70.90888889;91.76444444;91.76444444;91.76444444;77.16555556;77.16555556;77.16555556;67.78055556;;;;;;;
19;64.65222222;64.65222222;67.78055556;67.78055556;67.78055556;87.59333333;87.59333333;87.59333333;74.03722222;74.03722222;74.03722222;64.65222222;;;;;;;
20;60.48111111;60.48111111;63.60944444;63.60944444;63.60944444;84.465;84.465;84.465;69.86611111;69.86611111;69.86611111;60.48111111;;;;;;;
21;57.35277778;57.35277778;60.48111111;60.48111111;60.48111111;80.29388889;80.29388889;80.29388889;66.73777778;66.73777778;66.73777778;57.35277778;;;;;;;
22;54.22444444;54.22444444;57.35277778;57.35277778;57.35277778;75.08;75.08;75.08;62.56666667;62.56666667;62.56666667;54.22444444;;;;;;;
23;52.13888889;52.13888889;55.26722222;55.26722222;55.26722222;69.86611111;69.86611111;69.86611111;59.43833333;59.43833333;59.43833333;52.13888889;;;;;;;
