??? ?????;??????  (kW);????? (V);Column1;Column2;Column3;Column4;Column5;Column6;Column7;;;;;;;
;;;;;;;;;;;;;;;;
;;;;;;;;;;;;;;;;
;;;;;Electrical Load Distribution with Load Examples;;;;;;;;;;;
;;;;;;;;;;;;;;;;
;;;;Load Type;Examples of Loads;Annual Energy (kWh);Percentage (%);Daily Average (kWh/day);;;;;;;;
Column1;Column2;Column3;;Critical Loads;ICU equipment, emergency lighting, medical refrigerators, oxygen systems;191,805;28%;525;;;;;;;;
;;;;Essential Loads;Classroom lighting, computers, ventilation, water pumps, administration;376,759;55%;1,032;;;;;;;;
;;;;Non-Essential Loads;Air conditioning, elevators, recreational facilities, decorative lighting;116,452;17%;319;;;;;;;;
;;;;Total;—;685,016;100%;1,877;;;;;;;;
;;;;;;;;;;;;;;;;
;;;;;;;;;;;;;;;;
;;;;;;;;;;;;;;;;
;;;;;;;;;;;;;;;;
;;;;;;;;;;;;;;;;
;;;;;;;;;;;;;;;;
;;;;;;;;;;;;;;;;
;;;;;;;;;;;;;;;;
;;;;;;;;;;;;;;;;
