;;Winter Load (Jan/Feb/Dec) – 0–23 h;;;;;;;;;;;;;;;;;;;;;;;;;;
;;;;;;;;;;;;;;;;;;;;;;;;;;;;
Hour;Total Load;Critical Load (28%);Base Load (55%);Non-Essential Load (17%);;;;;;;;;;;;;;;;;;;;;;;;
0;50.1;14;27.6;8.5;;;;;;;;;;;;;;;;;;;;;;;;
1;46.9;13.1;25.8;8;;;;;;;;;;;;;;;;;;;;;;;;
2;45.9;12.9;25.2;7.8;;;;;;;;;;;;;;;;;;;;;;;;
3;44.9;12.6;24.7;7.6;;;;;;;;;;;;;;;;;;;;;;;;
4;45.9;12.9;25.2;7.8;;;;;;;;;;;;;;;;;;;;;;;;
5;50.1;14;27.6;8.5;;;;;;;;;;;;;;;;;;;;;;;;
6;58;16.2;31.9;9.9;;;;;;;;;;;;;;;;;;;;;;;;
7;72;20.2;39.6;12.2;;;;;;;;;;;;;;;;;;;;;;;;
8;85;23.8;46.8;14.5;;;;;;;;;;;;;;;;;;;;;;;;
9;91.8;25.7;50.5;15.6;;;;;;;;;;;;;;;;;;;;;;;;
10;95.9;26.9;52.7;16.3;;;;;;;;;;;;;;;;;;;;;;;;
11;102.2;28.6;56.2;17.4;;;;;;;;;;;;;;;;;;;;;;;;
12;99.1;27.7;54.5;16.8;;;;;;;;;;;;;;;;;;;;;;;;
13;91.8;25.7;50.5;15.6;;;;;;;;;;;;;;;;;;;;;;;;
14;83.4;23.4;45.9;14.2;;;;;;;;;;;;;;;;;;;;;;;;
15;78.2;21.9;43;13.3;;;;;;;;;;;;;;;;;;;;;;;;
16;70.9;19.9;39;12.1;;;;;;;;;;;;;;;;;;;;;;;;
17;67.8;19;37.3;11.5;;;;;;;;;;;;;;;;;;;;;;;;
18;64.7;18.1;35.6;11;;;;;;;;;;;;;;;;;;;;;;;;
19;60.5;16.9;33.3;10.3;;;;;;;;;;;;;;;;;;;;;;;;
20;57.4;16.1;31.6;9.8;;;;;;;;;;;;;;;;;;;;;;;;
21;54.2;15.2;29.8;9.2;;;;;;;;;;;;;;;;;;;;;;;;
22;52.1;14.6;28.7;8.9;;;;;;;;;;;;;;;;;;;;;;;;
23;50.1;14;27.6;8.5;;;;;;;;;;;;;;;;;;;;;;;;
;;;;;;;;;;;;;;;;;;;;;;;;;;;;
;;;;;;;;;;;;;;;;;;;;;;;;;;;;
;Summer Load (Jun/Jul/Aug) – 0–23 h;;;;;;;;;;;;;;;;;;;;;;;;;;;
Hour;Total Load;Critical Load (28%);Base Load (55%);Non-Essential Load (17%);;;;;;;;;;;;;;;;;;;;;;;;
0;64.7;18.1;35.6;11;;;;;;;;;;;;;;;;;;;;;;;;
1;62.6;17.5;34.4;10.6;;;;;;;;;;;;;;;;;;;;;;;;
2;60.5;16.9;33.3;10.3;;;;;;;;;;;;;;;;;;;;;;;;
3;59.4;16.6;32.7;10.1;;;;;;;;;;;;;;;;;;;;;;;;
4;60.5;16.9;33.3;10.3;;;;;;;;;;;;;;;;;;;;;;;;
5;65.7;18.4;36.1;11.2;;;;;;;;;;;;;;;;;;;;;;;;
6;74;20.7;40.7;12.6;;;;;;;;;;;;;;;;;;;;;;;;
7;91.8;25.7;50.5;15.6;;;;;;;;;;;;;;;;;;;;;;;;
8;111.6;31.2;61.4;19;;;;;;;;;;;;;;;;;;;;;;;;
9;121;33.9;66.6;20.6;;;;;;;;;;;;;;;;;;;;;;;;
10;125.1;35;68.8;21.3;;;;;;;;;;;;;;;;;;;;;;;;
11;128.3;35.9;70.6;21.8;;;;;;;;;;;;;;;;;;;;;;;;
12;131.5;36.8;72.3;22.4;;;;;;;;;;;;;;;;;;;;;;;;
13;136.6;38.2;75.1;23.2;;;;;;;;;;;;;;;;;;;;;;;;
14;128.3;35.9;70.6;21.8;;;;;;;;;;;;;;;;;;;;;;;;
15;115.7;32.4;63.6;19.7;;;;;;;;;;;;;;;;;;;;;;;;
16;107.4;30.1;59.1;18.3;;;;;;;;;;;;;;;;;;;;;;;;
17;103.2;28.9;56.8;17.5;;;;;;;;;;;;;;;;;;;;;;;;
18;96;26.9;52.8;16.3;;;;;;;;;;;;;;;;;;;;;;;;
19;91.8;25.7;50.5;15.6;;;;;;;;;;;;;;;;;;;;;;;;
20;87.6;24.5;48.2;14.9;;;;;;;;;;;;;;;;;;;;;;;;
21;80.3;22.5;44.2;13.7;;;;;;;;;;;;;;;;;;;;;;;;
22;75.1;21;41.3;12.8;;;;;;;;;;;;;;;;;;;;;;;;
23;70.9;19.9;39;12.1;;;;;;;;;;;;;;;;;;;;;;;;
;;;;;;;;;;;;;;;;;;;;;;;;;;;;
;;;;;;;;;;;;;;;;;;;;;;;;;;;;
