Hour,Total Load (kW),Critical Load (28%),Essential Load (55%),Non-Essential Load (17%)
0,64.7,18.1,35.6,11
1,62.6,17.5,34.4,10.6
2,60.5,16.9,33.3,10.3
3,59.4,16.6,32.7,10.1
4,60.5,16.9,33.3,10.3
5,65.7,18.4,36.1,11.2
6,74,20.7,40.7,12.6
7,91.8,25.7,50.5,15.6
8,111.6,31.2,61.4,19
9,121,33.9,66.6,20.6
10,125.1,35,68.8,21.3
11,128.3,35.9,70.6,21.8
12,131.5,36.8,72.3,22.4
13,136.6,38.2,75.1,23.2
14,128.3,35.9,70.6,21.8
15,115.7,32.4,63.6,19.7
16,107.4,30.1,59.1,18.3
17,103.2,28.9,56.8,17.5
18,96,26.9,52.8,16.3
19,91.8,25.7,50.5,15.6
20,87.6,24.5,48.2,14.9
21,80.3,22.5,44.2,13.7
22,75.1,21,41.3,12.8
23,70.9,19.9,39,12.1